first_name,last_name,job_title,department,email,address,phone_number,salary,password
Ashley,Jones,HR Manager,HR,ashley.jones@company.com,87494 Kathleen Prairie Suite 552,959-481-5012,59256,igTHKbfo
Rachel,Williams,HR Generalist,HR,rachel.williams@company.com,14754 Jonathan Stream Suite 552,403-933-9928,84987,nKYaXRvj
Stephanie,Gomez,Accountant,Finance,stephanie.gomez@company.com,685 Gerald Viaduct,294-589-2584,77052,0LYTH8xI
Amy,Elliott,Controller,Finance,amy.elliott@company.com,877 Marshall Loop Suite 039,396-921-2139,36006,OV911xCZ
Lisa,Tucker,Data Analyst,IT,lisa.tucker@company.com,713 Koch Plains Suite 480,563-414-5374,119593,OLkTkx9N
Tiffany,Butler,Data Scientist,IT,tiffany.butler@company.com,10640 Robin Drive Suite 456,532-986-1916,60021,YXye4JSn
Tyler,Thompson,Account Executive,Sales,tyler.thompson@company.com,54851 David Orchard Apt. 185,858-669-3340,64718,iUHUAKw9
Brandon,Mitchell,Data Scientist,IT,brandon.mitchell@company.com,572 Ashley View Suite 210,705-293-1771,44371,jjQKxKDp
Scott,Vazquez,HR Generalist,HR,scott.vazquez@company.com,24004 Autumn Locks,938-317-9797,64973,VvsjaSS8
Dawn,Obrien,Data Scientist,IT,dawn.obrien@company.com,371 Roberts Fort Suite 875,308-840-5889,113748,Fmxk754L
Emily,Noble,Sales Representative,Sales,emily.noble@company.com,2092 Taylor Lakes Suite 235,314-571-6038,61385,d26fEeVV
Mark,Mitchell,Data Scientist,IT,mark.mitchell@company.com,314 Russell Islands Apt. 595,686-762-3705,64741,GL75UQSy
Katelyn,Carroll,Financial Analyst,Finance,katelyn.carroll@company.com,0570 Fox Oval,729-662-2982,62493,nuKoneNo
Cynthia,Johnson,Recruiter,HR,cynthia.johnson@company.com,695 Pena Trail,272-726-4899,66500,Pni6JDWY
Duane,Ponce,Software Engineer,IT,duane.ponce@company.com,9623 Andrew Brook Suite 132,299-874-8062,76438,ACTP9gyv
William,Dixon,HR Manager,HR,william.dixon@company.com,82071 Jeffrey Lake Suite 718,396-394-9786,88800,ilC2eY1g
Jesse,Brown,HR Manager,HR,jesse.brown@company.com,7900 Ortiz Course,971-442-3724,83269,Enydx9qW
Jared,Mccarty,Account Executive,Sales,jared.mccarty@company.com,1454 Davies Overpass,633-913-8973,50289,lndTdtdD
Christopher,Moss,Software Engineer,IT,christopher.moss@company.com,722 Guerrero Crest Suite 571,720-282-4044,38981,KPoh3pKM
Amber,Garcia,Sales Manager,Sales,amber.garcia@company.com,182 Shepard Estates Apt. 250,797-778-9565,71467,5mSoyPst
Alexis,Davis,HR Manager,HR,alexis.davis@company.com,248 Steven Drives Suite 593,669-836-2638,39602,HFiveprB
Jonathan,Johnson,Controller,Finance,jonathan.johnson@company.com,9064 Daniel Meadow,869-741-1128,117538,YsP6ihgI
William,Galvan,Financial Analyst,Finance,william.galvan@company.com,0422 Joshua Estates Suite 745,819-415-6617,56685,Q0Fp4dNZ
Sylvia,Snyder,HR Manager,HR,sylvia.snyder@company.com,71621 Phillips Drive Apt. 039,541-989-3143,113507,8kBRIg6Q
Phillip,Rush,Data Scientist,IT,phillip.rush@company.com,609 Jones Cliffs Apt. 848,236-578-3426,86333,ht3X13np
Emily,Townsend,Recruiter,HR,emily.townsend@company.com,027 James Fall Suite 237,998-773-7658,111351,U5okXkzl
Ashley,Williams,Financial Analyst,Finance,ashley.williams@company.com,973 Joshua Lane Apt. 286,885-952-5065,64970,jRxcDm4v
Richard,Adams,Software Engineer,IT,richard.adams@company.com,821 Castillo Valley,224-875-4164,82227,u17rNy8H
Debra,Morris,HR Manager,HR,debra.morris@company.com,24183 Hayes Harbors,467-382-5349,35014,gATtLFxJ
Benjamin,Haas,Accountant,Finance,benjamin.haas@company.com,291 Hayden Squares Apt. 617,925-646-1027,98146,5HSUPweP
Karen,Hurley,Controller,Finance,karen.hurley@company.com,0640 Mary Walk,521-879-3041,69363,FPuRIlPx
Shannon,Hartman,Data Scientist,IT,shannon.hartman@company.com,953 Anthony Club Apt. 579,782-508-7653,101819,ZsnWLtBP
Douglas,Ortiz,Sales Manager,Sales,douglas.ortiz@company.com,5612 Shepard Forest,373-874-2389,67196,FNuYUPnm
Brett,Miller,HR Manager,HR,brett.miller@company.com,8306 Jordan Vista Suite 823,450-686-2193,89692,zNmREpOa
Elizabeth,Haney,Recruiter,HR,elizabeth.haney@company.com,2040 Thomas Stream,424-380-9486,90889,dp0CXP9K
Heather,Tyler,Sales Manager,Sales,heather.tyler@company.com,08824 Salazar Causeway,936-716-7991,101810,Bj1BU0rW
Jason,Gonzalez,Sales Manager,Sales,jason.gonzalez@company.com,94568 Anna Knolls,444-481-8206,40155,Sou3ejxj
Dustin,Ortega,Software Engineer,IT,dustin.ortega@company.com,690 Christopher Views Apt. 105,624-617-6421,101121,CdZyV6b2
Monique,Davis,Account Executive,Sales,monique.davis@company.com,729 Melissa Lights Suite 421,206-560-5892,81116,07zUHLnn
Amy,Rodriguez,Account Executive,Sales,amy.rodriguez@company.com,468 Carol Bridge,229-598-6507,117670,QzkChMby
Kevin,Graham,HR Manager,HR,kevin.graham@company.com,045 Dennis Mills Suite 913,858-638-3223,90515,lquCu2r6
Jenna,Thomas,Account Executive,Sales,jenna.thomas@company.com,832 Steven Forks,283-681-1317,100702,d7ne7cbp
Peggy,Cox,HR Generalist,HR,peggy.cox@company.com,8549 Harris Fort Suite 872,356-444-3068,92070,PInRVkLU
Melanie,Evans,HR Manager,HR,melanie.evans@company.com,680 Sullivan Groves,518-310-1420,70888,J4x6mKZp
Jonathan,Schultz,Controller,Finance,jonathan.schultz@company.com,160 Jeremy Estates,814-323-1672,75508,HPeOaAEA
Jackie,Reynolds,Controller,Finance,jackie.reynolds@company.com,29998 Maria Radial Suite 575,670-924-3506,87080,kGOM5WCZ
Brenda,Ross,Financial Analyst,Finance,brenda.ross@company.com,1712 Rodriguez Ramp,451-288-5569,89087,pCLxb0ln
Douglas,Barton,Financial Analyst,Finance,douglas.barton@company.com,680 Fox Ridge,486-810-5526,102848,a6fSEVQO
David,Perkins,Account Executive,Sales,david.perkins@company.com,45390 Griffin Bypass Apt. 290,217-295-5820,59045,zpPwIv9I
Luke,Frazier,Controller,Finance,luke.frazier@company.com,3348 Dunn Valleys,664-477-6023,62951,oStU6QlT
Cassandra,Hanson,Controller,Finance,cassandra.hanson@company.com,373 Tiffany Locks,803-978-9595,108222,rgmolaHr
Jenna,Andrews,HR Generalist,HR,jenna.andrews@company.com,0202 Mitchell Trail,499-914-3068,113606,1E2JDBld
Tracie,Berry,Sales Representative,Sales,tracie.berry@company.com,118 Daniel Curve,266-610-9056,39710,JQjY6fpI
Patricia,Harris,Sales Manager,Sales,patricia.harris@company.com,665 Campbell Fields,810-833-4697,98494,x4sKAJd7
Jamie,Warner,HR Manager,HR,jamie.warner@company.com,820 Lucero Forges Apt. 878,840-416-5335,116563,foIjzQDc
Amy,Arnold,Controller,Finance,amy.arnold@company.com,97486 Adam Rapid,489-919-8438,39329,Q5WMO5AH
Brandon,Ray,Data Analyst,IT,brandon.ray@company.com,7163 Vincent Mills,345-273-1977,51747,XKZ5BDsy
Elijah,Long,Controller,Finance,elijah.long@company.com,922 Khan Meadows Apt. 449,752-705-8172,40543,L3TLboP1
Crystal,Johnson,HR Generalist,HR,crystal.johnson@company.com,20230 Alvarez Ports,475-790-1659,52962,DO4lKNEf
Daniel,Harrington,Financial Analyst,Finance,daniel.harrington@company.com,88073 Richard Inlet,541-528-2713,51079,uRr6YICt
Sarah,Haney,Accountant,Finance,sarah.haney@company.com,2019 James Shoals Suite 187,991-613-9431,30150,OHzlwUMV
Emily,Graves,Data Analyst,IT,emily.graves@company.com,5642 Elizabeth Route Apt. 080,762-334-5719,87424,2EbNXSta
Stephanie,Hopkins,Sales Representative,Sales,stephanie.hopkins@company.com,95375 Turner Unions Suite 409,430-316-8560,45396,Oj5sRzDD
John,Arias,Sales Manager,Sales,john.arias@company.com,281 Briggs Field,348-592-4122,108561,F21rWz5F
Nathan,Morrow,Recruiter,HR,nathan.morrow@company.com,75531 Nicole Forge,943-505-9022,49476,BEuVx518
Manuel,Johnson,Data Scientist,IT,manuel.johnson@company.com,4093 Massey Via Suite 642,592-439-7730,35720,tD4x9XOj
April,Gonzales,HR Manager,HR,april.gonzales@company.com,5208 Heather Court,714-804-6439,43154,2BGCSzOj
Susan,Jimenez,Account Executive,Sales,susan.jimenez@company.com,0627 Adam Neck Suite 326,546-838-7512,115175,euPH7M3E
Alexander,Smith,HR Generalist,HR,alexander.smith@company.com,0170 Phillips Lodge,270-440-5708,59817,UAgN2BR4
Tammy,Smith,Recruiter,HR,tammy.smith@company.com,794 Ashley Ports Apt. 334,257-500-6873,79131,ApzQlkLx
Matthew,Hall,Data Analyst,IT,matthew.hall@company.com,97311 Davis Brooks Suite 053,797-346-4804,90443,NCP3CrHe
Kevin,Johnson,Controller,Finance,kevin.johnson@company.com,671 Williamson Squares Suite 511,506-854-7951,62780,Cs90gxws
James,Gillespie,Accountant,Finance,james.gillespie@company.com,4872 Osborne Passage Apt. 285,874-605-5497,31061,JQUdLE4r
Gary,Francis,Data Scientist,IT,gary.francis@company.com,61777 Foster Falls,560-424-4115,111381,pUVQigMc
Jeffery,Miller,Sales Representative,Sales,jeffery.miller@company.com,7892 Rebecca Island,793-573-3153,41813,4uzmW2wF
Martin,Kelly,Accountant,Finance,martin.kelly@company.com,711 Obrien Flat Suite 161,463-693-5835,74396,XDeUnPPy
Kimberly,Hayes,Accountant,Finance,kimberly.hayes@company.com,052 John Mount,604-214-5332,100329,hwUqxNxP
Tracy,Sparks,Sales Representative,Sales,tracy.sparks@company.com,8705 Gabriel Court Apt. 278,834-774-6374,109964,ndZ4szi6
Paul,Sanchez,Financial Analyst,Finance,paul.sanchez@company.com,7197 James Mews,318-299-4846,100457,iCPU6zUj
Lindsey,Small,Sales Manager,Sales,lindsey.small@company.com,7055 Smith Bypass Suite 217,301-701-7686,66666,cwB61gQH
Kimberly,Rivera,Accountant,Finance,kimberly.rivera@company.com,21223 Adam Tunnel Suite 058,607-482-4109,46011,6ZfnN8du
Antonio,Lawrence,Data Scientist,IT,antonio.lawrence@company.com,30963 Becker Garden,410-270-4394,106858,n1uj3a1i
Heather,Bishop,Data Scientist,IT,heather.bishop@company.com,183 Robinson Streets Suite 386,456-378-2801,116646,1iwWKaqh
Kelly,Mcpherson,Sales Manager,Sales,kelly.mcpherson@company.com,1950 Wilson Loaf,316-963-2041,92422,BwKCnMT4
Donna,Adams,Financial Analyst,Finance,donna.adams@company.com,798 Michael Track,858-231-1996,92781,0AgSB3tj
Noah,Williams,Data Analyst,IT,noah.williams@company.com,53895 Lewis Course,839-848-9984,72622,xLsFAXhO
Alexandra,Massey,Data Analyst,IT,alexandra.massey@company.com,13878 Riley Circles,662-433-7779,74424,ZyTttp7Q
Scott,Gutierrez,Sales Representative,Sales,scott.gutierrez@company.com,7449 John Locks,293-287-2527,86606,fTYIKIuh
Daisy,Murray,Controller,Finance,daisy.murray@company.com,8337 Nancy Summit,968-633-1842,67700,LvJnOng0
Carlos,Duncan,Accountant,Finance,carlos.duncan@company.com,9879 Smith Shoal,980-485-4705,86244,08YMNb5Z
Anthony,Goodman,Accountant,Finance,anthony.goodman@company.com,6279 Anderson Island,384-479-6062,74541,vliOeT8f
Daniel,Park,Data Analyst,IT,daniel.park@company.com,5486 Darren Stravenue Apt. 910,629-664-6585,50631,wSWJfdjM
Patricia,Lambert,Recruiter,HR,patricia.lambert@company.com,447 Lane Haven Suite 713,653-877-7947,93656,LznFvgQK
Mallory,Dennis,Accountant,Finance,mallory.dennis@company.com,099 Kimberly Underpass,425-604-1897,31007,m6VVrhEA
Daniel,Flores,Data Analyst,IT,daniel.flores@company.com,31327 Rosales Circles,745-920-4770,95570,IPvyUBCe
Judy,Smith,Controller,Finance,judy.smith@company.com,5872 Ryan Lodge,639-787-7626,113904,zhbuXMZ5
Lori,Hoffman,Recruiter,HR,lori.hoffman@company.com,041 Stephens Streets,308-449-8138,107184,ye1UnWeN
Emily,Moore,Data Analyst,IT,emily.moore@company.com,05033 Fuentes Oval Apt. 813,559-944-3419,60968,gpkjVe6M
Brandon,Patton,Sales Manager,Sales,brandon.patton@company.com,923 Jason Union,978-793-8354,119277,5INM1Mje
Caitlin,Potter,Sales Manager,Sales,caitlin.potter@company.com,4306 Christine Square Suite 866,510-481-1920,76129,FtCdZe11
